calexp_path,calexp_fwhm,coadd_fwhm,tract,patch,visit,detector,filter,diffexp_path,diaSrc_path
./data/patch_0to6/injection/11_20_21_421694_80_i/fake_20/calexp/00421694-i/R20/calexp_00421694-i-R20-S22-det080.fits,3.9160471775703556,4.082986137171966,4639,"1,1",421694,80,i,./data/patch_0to6/diff/al_default_v23/11_20_21_421694_80_i/diff_20/deepDiff/v00421694-fi/R20/diffexp_00421694-i-R20-S22-det080.fits,./data/patch_0to6/diff/al_default_v23/11_20_21_421694_80_i/diff_20/deepDiff/v00421694-fi/R20/diaSrc_00421694-i-R20-S22-det080.fits
./data/patch_0to6/injection/66_20_21_420784_59_i/fake_20/calexp/00420784-i/R13/calexp_00420784-i-R13-S12-det059.fits,4.546582959780004,4.114422322054011,4639,"6,6",420784,59,i,./data/patch_0to6/diff/al_default_v23/66_20_21_420784_59_i/diff_20/deepDiff/v00420784-fi/R13/diffexp_00420784-i-R13-S12-det059.fits,./data/patch_0to6/diff/al_default_v23/66_20_21_420784_59_i/diff_20/deepDiff/v00420784-fi/R13/diaSrc_00420784-i-R13-S12-det059.fits
./data/patch_0to6/injection/66_20_21_437351_117_i/fake_20/calexp/00437351-i/R30/calexp_00437351-i-R30-S00-det117.fits,4.56418757563721,4.114422322054011,4639,"6,6",437351,117,i,./data/patch_0to6/diff/al_default_v23/66_20_21_437351_117_i/diff_20/deepDiff/v00437351-fi/R30/diffexp_00437351-i-R30-S00-det117.fits,./data/patch_0to6/diff/al_default_v23/66_20_21_437351_117_i/diff_20/deepDiff/v00437351-fi/R30/diaSrc_00437351-i-R30-S00-det117.fits
./data/patch_0to6/injection/11_20_21_204560_109_i/fake_20/calexp/00204560-i/R24/calexp_00204560-i-R24-S01-det109.fits,4.046733188047441,4.082986137171966,4639,"1,1",204560,109,i,./data/patch_0to6/diff/al_default_v23/11_20_21_204560_109_i/diff_20/deepDiff/v00204560-fi/R24/diffexp_00204560-i-R24-S01-det109.fits,./data/patch_0to6/diff/al_default_v23/11_20_21_204560_109_i/diff_20/deepDiff/v00204560-fi/R24/diaSrc_00204560-i-R24-S01-det109.fits
./data/patch_0to6/injection/22_20_21_951317_170_i/fake_20/calexp/00951317-i/R41/calexp_00951317-i-R41-S22-det170.fits,3.394865383132584,4.07859862017242,4639,"2,2",951317,170,i,./data/patch_0to6/diff/al_default_v23/22_20_21_951317_170_i/diff_20/deepDiff/v00951317-fi/R41/diffexp_00951317-i-R41-S22-det170.fits,./data/patch_0to6/diff/al_default_v23/22_20_21_951317_170_i/diff_20/deepDiff/v00951317-fi/R41/diaSrc_00951317-i-R41-S22-det170.fits
./data/patch_0to6/injection/55_20_21_687427_112_i/fake_20/calexp/00687427-i/R24/calexp_00687427-i-R24-S11-det112.fits,5.800754526200465,4.089752374672761,4639,"5,5",687427,112,i,./data/patch_0to6/diff/al_default_v23/55_20_21_687427_112_i/diff_20/deepDiff/v00687427-fi/R24/diffexp_00687427-i-R24-S11-det112.fits,./data/patch_0to6/diff/al_default_v23/55_20_21_687427_112_i/diff_20/deepDiff/v00687427-fi/R24/diaSrc_00687427-i-R24-S11-det112.fits
./data/patch_0to6/injection/33_20_21_1173799_99_i/fake_20/calexp/01173799-i/R23/calexp_01173799-i-R23-S00-det099.fits,4.045915642606636,4.074981493642976,4639,"3,3",1173799,99,i,./data/patch_0to6/diff/al_default_v23/33_20_21_1173799_99_i/diff_20/deepDiff/v01173799-fi/R23/diffexp_01173799-i-R23-S00-det099.fits,./data/patch_0to6/diff/al_default_v23/33_20_21_1173799_99_i/diff_20/deepDiff/v01173799-fi/R23/diaSrc_01173799-i-R23-S00-det099.fits
./data/patch_0to6/injection/22_20_21_951274_89_i/fake_20/calexp/00951274-i/R21/calexp_00951274-i-R21-S22-det089.fits,3.45780987798521,4.07859862017242,4639,"2,2",951274,89,i,./data/patch_0to6/diff/al_default_v23/22_20_21_951274_89_i/diff_20/deepDiff/v00951274-fi/R21/diffexp_00951274-i-R21-S22-det089.fits,./data/patch_0to6/diff/al_default_v23/22_20_21_951274_89_i/diff_20/deepDiff/v00951274-fi/R21/diaSrc_00951274-i-R21-S22-det089.fits
./data/patch_0to6/injection/33_20_21_261992_164_i/fake_20/calexp/00261992-i/R41/calexp_00261992-i-R41-S02-det164.fits,3.015880393235467,4.074981493642976,4639,"3,3",261992,164,i,./data/patch_0to6/diff/al_default_v23/33_20_21_261992_164_i/diff_20/deepDiff/v00261992-fi/R41/diffexp_00261992-i-R41-S02-det164.fits,./data/patch_0to6/diff/al_default_v23/33_20_21_261992_164_i/diff_20/deepDiff/v00261992-fi/R41/diaSrc_00261992-i-R41-S02-det164.fits
./data/patch_0to6/injection/66_20_21_204560_136_i/fake_20/calexp/00204560-i/R32/calexp_00204560-i-R32-S01-det136.fits,4.050668029372088,4.114422322054011,4639,"6,6",204560,136,i,./data/patch_0to6/diff/al_default_v23/66_20_21_204560_136_i/diff_20/deepDiff/v00204560-fi/R32/diffexp_00204560-i-R32-S01-det136.fits,./data/patch_0to6/diff/al_default_v23/66_20_21_204560_136_i/diff_20/deepDiff/v00204560-fi/R32/diaSrc_00204560-i-R32-S01-det136.fits
./data/patch_0to6/injection/44_20_21_1173729_37_i/fake_20/calexp/01173729-i/R11/calexp_01173729-i-R11-S01-det037.fits,3.8254578190871995,4.097523832080805,4639,"4,4",1173729,37,i,./data/patch_0to6/diff/al_default_v23/44_20_21_1173729_37_i/diff_20/deepDiff/v01173729-fi/R11/diffexp_01173729-i-R11-S01-det037.fits,./data/patch_0to6/diff/al_default_v23/44_20_21_1173729_37_i/diff_20/deepDiff/v01173729-fi/R11/diaSrc_01173729-i-R11-S01-det037.fits
./data/patch_0to6/injection/22_20_21_766972_43_i/fake_20/calexp/00766972-i/R11/calexp_00766972-i-R11-S21-det043.fits,3.2591477785493295,4.07859862017242,4639,"2,2",766972,43,i,./data/patch_0to6/diff/al_default_v23/22_20_21_766972_43_i/diff_20/deepDiff/v00766972-fi/R11/diffexp_00766972-i-R11-S21-det043.fits,./data/patch_0to6/diff/al_default_v23/22_20_21_766972_43_i/diff_20/deepDiff/v00766972-fi/R11/diaSrc_00766972-i-R11-S21-det043.fits
./data/patch_0to6/injection/33_20_21_420806_93_i/fake_20/calexp/00420806-i/R22/calexp_00420806-i-R22-S10-det093.fits,4.311916435217853,4.074981493642976,4639,"3,3",420806,93,i,./data/patch_0to6/diff/al_default_v23/33_20_21_420806_93_i/diff_20/deepDiff/v00420806-fi/R22/diffexp_00420806-i-R22-S10-det093.fits,./data/patch_0to6/diff/al_default_v23/33_20_21_420806_93_i/diff_20/deepDiff/v00420806-fi/R22/diaSrc_00420806-i-R22-S10-det093.fits
./data/patch_0to6/injection/11_20_21_898791_131_i/fake_20/calexp/00898791-i/R31/calexp_00898791-i-R31-S12-det131.fits,4.091087489384892,4.082986137171966,4639,"1,1",898791,131,i,./data/patch_0to6/diff/al_default_v23/11_20_21_898791_131_i/diff_20/deepDiff/v00898791-fi/R31/diffexp_00898791-i-R31-S12-det131.fits,./data/patch_0to6/diff/al_default_v23/11_20_21_898791_131_i/diff_20/deepDiff/v00898791-fi/R31/diaSrc_00898791-i-R31-S12-det131.fits
./data/patch_0to6/injection/55_20_21_641075_20_i/fake_20/calexp/00641075-i/R03/calexp_00641075-i-R03-S02-det020.fits,3.8902875635819774,4.089752374672761,4639,"5,5",641075,20,i,./data/patch_0to6/diff/al_default_v23/55_20_21_641075_20_i/diff_20/deepDiff/v00641075-fi/R03/diffexp_00641075-i-R03-S02-det020.fits,./data/patch_0to6/diff/al_default_v23/55_20_21_641075_20_i/diff_20/deepDiff/v00641075-fi/R03/diaSrc_00641075-i-R03-S02-det020.fits
./data/patch_0to6/injection/66_20_21_976318_39_i/fake_20/calexp/00976318-i/R11/calexp_00976318-i-R11-S10-det039.fits,4.095785761561016,4.114422322054011,4639,"6,6",976318,39,i,./data/patch_0to6/diff/al_default_v23/66_20_21_976318_39_i/diff_20/deepDiff/v00976318-fi/R11/diffexp_00976318-i-R11-S10-det039.fits,./data/patch_0to6/diff/al_default_v23/66_20_21_976318_39_i/diff_20/deepDiff/v00976318-fi/R11/diaSrc_00976318-i-R11-S10-det039.fits
./data/patch_0to6/injection/11_20_21_437352_45_i/fake_20/calexp/00437352-i/R12/calexp_00437352-i-R12-S00-det045.fits,4.590124076219595,4.082986137171966,4639,"1,1",437352,45,i,./data/patch_0to6/diff/al_default_v23/11_20_21_437352_45_i/diff_20/deepDiff/v00437352-fi/R12/diffexp_00437352-i-R12-S00-det045.fits,./data/patch_0to6/diff/al_default_v23/11_20_21_437352_45_i/diff_20/deepDiff/v00437352-fi/R12/diaSrc_00437352-i-R12-S00-det045.fits
./data/patch_0to6/injection/11_20_21_976165_105_i/fake_20/calexp/00976165-i/R23/calexp_00976165-i-R23-S20-det105.fits,3.773051793079123,4.082986137171966,4639,"1,1",976165,105,i,./data/patch_0to6/diff/al_default_v23/11_20_21_976165_105_i/diff_20/deepDiff/v00976165-fi/R23/diffexp_00976165-i-R23-S20-det105.fits,./data/patch_0to6/diff/al_default_v23/11_20_21_976165_105_i/diff_20/deepDiff/v00976165-fi/R23/diaSrc_00976165-i-R23-S20-det105.fits
./data/patch_0to6/injection/11_20_21_478974_146_i/fake_20/calexp/00478974-i/R33/calexp_00478974-i-R33-S02-det146.fits,3.8764105809512137,4.082986137171966,4639,"1,1",478974,146,i,./data/patch_0to6/diff/al_default_v23/11_20_21_478974_146_i/diff_20/deepDiff/v00478974-fi/R33/diffexp_00478974-i-R33-S02-det146.fits,./data/patch_0to6/diff/al_default_v23/11_20_21_478974_146_i/diff_20/deepDiff/v00478974-fi/R33/diaSrc_00478974-i-R33-S02-det146.fits
./data/patch_0to6/injection/22_20_21_906937_15_i/fake_20/calexp/00906937-i/R02/calexp_00906937-i-R02-S20-det015.fits,3.820108538845443,4.07859862017242,4639,"2,2",906937,15,i,./data/patch_0to6/diff/al_default_v23/22_20_21_906937_15_i/diff_20/deepDiff/v00906937-fi/R02/diffexp_00906937-i-R02-S20-det015.fits,./data/patch_0to6/diff/al_default_v23/22_20_21_906937_15_i/diff_20/deepDiff/v00906937-fi/R02/diaSrc_00906937-i-R02-S20-det015.fits
./data/patch_0to6/injection/44_20_21_1185892_7_i/fake_20/calexp/01185892-i/R01/calexp_01185892-i-R01-S21-det007.fits,3.4931530001893796,4.097523832080805,4639,"4,4",1185892,7,i,./data/patch_0to6/diff/al_default_v23/44_20_21_1185892_7_i/diff_20/deepDiff/v01185892-fi/R01/diffexp_01185892-i-R01-S21-det007.fits,./data/patch_0to6/diff/al_default_v23/44_20_21_1185892_7_i/diff_20/deepDiff/v01185892-fi/R01/diaSrc_01185892-i-R01-S21-det007.fits
./data/patch_0to6/injection/11_20_21_512005_155_i/fake_20/calexp/00512005-i/R34/calexp_00512005-i-R34-S02-det155.fits,5.150888953744043,4.082986137171966,4639,"1,1",512005,155,i,./data/patch_0to6/diff/al_default_v23/11_20_21_512005_155_i/diff_20/deepDiff/v00512005-fi/R34/diffexp_00512005-i-R34-S02-det155.fits,./data/patch_0to6/diff/al_default_v23/11_20_21_512005_155_i/diff_20/deepDiff/v00512005-fi/R34/diaSrc_00512005-i-R34-S02-det155.fits
./data/patch_0to6/injection/00_20_21_1229686_20_i/fake_20/calexp/01229686-i/R03/calexp_01229686-i-R03-S02-det020.fits,4.033041863799256,4.0797978669175246,4639,"0,0",1229686,20,i,./data/patch_0to6/diff/al_default_v23/00_20_21_1229686_20_i/diff_20/deepDiff/v01229686-fi/R03/diffexp_01229686-i-R03-S02-det020.fits,./data/patch_0to6/diff/al_default_v23/00_20_21_1229686_20_i/diff_20/deepDiff/v01229686-fi/R03/diaSrc_01229686-i-R03-S02-det020.fits
./data/patch_0to6/injection/33_20_21_678508_104_i/fake_20/calexp/00678508-i/R23/calexp_00678508-i-R23-S12-det104.fits,3.6585148991963474,4.074981493642976,4639,"3,3",678508,104,i,./data/patch_0to6/diff/al_default_v23/33_20_21_678508_104_i/diff_20/deepDiff/v00678508-fi/R23/diffexp_00678508-i-R23-S12-det104.fits,./data/patch_0to6/diff/al_default_v23/33_20_21_678508_104_i/diff_20/deepDiff/v00678508-fi/R23/diaSrc_00678508-i-R23-S12-det104.fits
./data/patch_0to6/injection/33_20_21_685717_35_i/fake_20/calexp/00685717-i/R10/calexp_00685717-i-R10-S22-det035.fits,4.632448348156957,4.074981493642976,4639,"3,3",685717,35,i,./data/patch_0to6/diff/al_default_v23/33_20_21_685717_35_i/diff_20/deepDiff/v00685717-fi/R10/diffexp_00685717-i-R10-S22-det035.fits,./data/patch_0to6/diff/al_default_v23/33_20_21_685717_35_i/diff_20/deepDiff/v00685717-fi/R10/diaSrc_00685717-i-R10-S22-det035.fits
./data/patch_0to6/injection/66_20_21_919560_56_i/fake_20/calexp/00919560-i/R13/calexp_00919560-i-R13-S02-det056.fits,3.9532327640432943,4.114422322054011,4639,"6,6",919560,56,i,./data/patch_0to6/diff/al_default_v23/66_20_21_919560_56_i/diff_20/deepDiff/v00919560-fi/R13/diffexp_00919560-i-R13-S02-det056.fits,./data/patch_0to6/diff/al_default_v23/66_20_21_919560_56_i/diff_20/deepDiff/v00919560-fi/R13/diaSrc_00919560-i-R13-S02-det056.fits
./data/patch_0to6/injection/22_20_21_464186_150_i/fake_20/calexp/00464186-i/R33/calexp_00464186-i-R33-S20-det150.fits,6.6834909252217285,4.07859862017242,4639,"2,2",464186,150,i,./data/patch_0to6/diff/al_default_v23/22_20_21_464186_150_i/diff_20/deepDiff/v00464186-fi/R33/diffexp_00464186-i-R33-S20-det150.fits,./data/patch_0to6/diff/al_default_v23/22_20_21_464186_150_i/diff_20/deepDiff/v00464186-fi/R33/diaSrc_00464186-i-R33-S20-det150.fits
./data/patch_0to6/injection/55_20_21_1185854_97_i/fake_20/calexp/01185854-i/R22/calexp_01185854-i-R22-S21-det097.fits,3.4788920155813443,4.089752374672761,4639,"5,5",1185854,97,i,./data/patch_0to6/diff/al_default_v23/55_20_21_1185854_97_i/diff_20/deepDiff/v01185854-fi/R22/diffexp_01185854-i-R22-S21-det097.fits,./data/patch_0to6/diff/al_default_v23/55_20_21_1185854_97_i/diff_20/deepDiff/v01185854-fi/R22/diaSrc_01185854-i-R22-S21-det097.fits
./data/patch_0to6/injection/00_20_21_204594_113_i/fake_20/calexp/00204594-i/R24/calexp_00204594-i-R24-S12-det113.fits,3.7463457020326714,4.0797978669175246,4639,"0,0",204594,113,i,./data/patch_0to6/diff/al_default_v23/00_20_21_204594_113_i/diff_20/deepDiff/v00204594-fi/R24/diffexp_00204594-i-R24-S12-det113.fits,./data/patch_0to6/diff/al_default_v23/00_20_21_204594_113_i/diff_20/deepDiff/v00204594-fi/R24/diaSrc_00204594-i-R24-S12-det113.fits
./data/patch_0to6/injection/11_20_21_1229686_22_i/fake_20/calexp/01229686-i/R03/calexp_01229686-i-R03-S11-det022.fits,4.041499895071252,4.082986137171966,4639,"1,1",1229686,22,i,./data/patch_0to6/diff/al_default_v23/11_20_21_1229686_22_i/diff_20/deepDiff/v01229686-fi/R03/diffexp_01229686-i-R03-S11-det022.fits,./data/patch_0to6/diff/al_default_v23/11_20_21_1229686_22_i/diff_20/deepDiff/v01229686-fi/R03/diaSrc_01229686-i-R03-S11-det022.fits
./data/patch_0to6/injection/66_20_21_421727_159_i/fake_20/calexp/00421727-i/R34/calexp_00421727-i-R34-S20-det159.fits,3.973558627992592,4.114422322054011,4639,"6,6",421727,159,i,./data/patch_0to6/diff/al_default_v23/66_20_21_421727_159_i/diff_20/deepDiff/v00421727-fi/R34/diffexp_00421727-i-R34-S20-det159.fits,./data/patch_0to6/diff/al_default_v23/66_20_21_421727_159_i/diff_20/deepDiff/v00421727-fi/R34/diaSrc_00421727-i-R34-S20-det159.fits
./data/patch_0to6/injection/66_20_21_678545_179_i/fake_20/calexp/00678545-i/R42/calexp_00678545-i-R42-S22-det179.fits,3.625470371919898,4.114422322054011,4639,"6,6",678545,179,i,./data/patch_0to6/diff/al_default_v23/66_20_21_678545_179_i/diff_20/deepDiff/v00678545-fi/R42/diffexp_00678545-i-R42-S22-det179.fits,./data/patch_0to6/diff/al_default_v23/66_20_21_678545_179_i/diff_20/deepDiff/v00678545-fi/R42/diaSrc_00678545-i-R42-S22-det179.fits
./data/patch_0to6/injection/00_20_21_1013665_79_i/fake_20/calexp/01013665-i/R20/calexp_01013665-i-R20-S21-det079.fits,5.73284792719851,4.0797978669175246,4639,"0,0",1013665,79,i,./data/patch_0to6/diff/al_default_v23/00_20_21_1013665_79_i/diff_20/deepDiff/v01013665-fi/R20/diffexp_01013665-i-R20-S21-det079.fits,./data/patch_0to6/diff/al_default_v23/00_20_21_1013665_79_i/diff_20/deepDiff/v01013665-fi/R20/diaSrc_01013665-i-R20-S21-det079.fits
./data/patch_0to6/injection/66_20_21_263504_20_i/fake_20/calexp/00263504-i/R03/calexp_00263504-i-R03-S02-det020.fits,4.638740096664368,4.114422322054011,4639,"6,6",263504,20,i,./data/patch_0to6/diff/al_default_v23/66_20_21_263504_20_i/diff_20/deepDiff/v00263504-fi/R03/diffexp_00263504-i-R03-S02-det020.fits,./data/patch_0to6/diff/al_default_v23/66_20_21_263504_20_i/diff_20/deepDiff/v00263504-fi/R03/diaSrc_00263504-i-R03-S02-det020.fits
./data/patch_0to6/injection/44_20_21_204594_144_i/fake_20/calexp/00204594-i/R33/calexp_00204594-i-R33-S00-det144.fits,3.7707074898705475,4.097523832080805,4639,"4,4",204594,144,i,./data/patch_0to6/diff/al_default_v23/44_20_21_204594_144_i/diff_20/deepDiff/v00204594-fi/R33/diffexp_00204594-i-R33-S00-det144.fits,./data/patch_0to6/diff/al_default_v23/44_20_21_204594_144_i/diff_20/deepDiff/v00204594-fi/R33/diaSrc_00204594-i-R33-S00-det144.fits
./data/patch_0to6/injection/44_20_21_1165738_59_i/fake_20/calexp/01165738-i/R13/calexp_01165738-i-R13-S12-det059.fits,5.469359899959416,4.097523832080805,4639,"4,4",1165738,59,i,./data/patch_0to6/diff/al_default_v23/44_20_21_1165738_59_i/diff_20/deepDiff/v01165738-fi/R13/diffexp_01165738-i-R13-S12-det059.fits,./data/patch_0to6/diff/al_default_v23/44_20_21_1165738_59_i/diff_20/deepDiff/v01165738-fi/R13/diaSrc_01165738-i-R13-S12-det059.fits
./data/patch_0to6/injection/22_20_21_420782_88_i/fake_20/calexp/00420782-i/R21/calexp_00420782-i-R21-S21-det088.fits,4.390602912193051,4.07859862017242,4639,"2,2",420782,88,i,./data/patch_0to6/diff/al_default_v23/22_20_21_420782_88_i/diff_20/deepDiff/v00420782-fi/R21/diffexp_00420782-i-R21-S21-det088.fits,./data/patch_0to6/diff/al_default_v23/22_20_21_420782_88_i/diff_20/deepDiff/v00420782-fi/R21/diaSrc_00420782-i-R21-S21-det088.fits
./data/patch_0to6/injection/22_20_21_1165709_96_i/fake_20/calexp/01165709-i/R22/calexp_01165709-i-R22-S20-det096.fits,5.712784413438636,4.07859862017242,4639,"2,2",1165709,96,i,./data/patch_0to6/diff/al_default_v23/22_20_21_1165709_96_i/diff_20/deepDiff/v01165709-fi/R22/diffexp_01165709-i-R22-S20-det096.fits,./data/patch_0to6/diff/al_default_v23/22_20_21_1165709_96_i/diff_20/deepDiff/v01165709-fi/R22/diaSrc_01165709-i-R22-S20-det096.fits
./data/patch_0to6/injection/55_20_21_464186_164_i/fake_20/calexp/00464186-i/R41/calexp_00464186-i-R41-S02-det164.fits,6.659950313733541,4.089752374672761,4639,"5,5",464186,164,i,./data/patch_0to6/diff/al_default_v23/55_20_21_464186_164_i/diff_20/deepDiff/v00464186-fi/R41/diffexp_00464186-i-R41-S02-det164.fits,./data/patch_0to6/diff/al_default_v23/55_20_21_464186_164_i/diff_20/deepDiff/v00464186-fi/R41/diaSrc_00464186-i-R41-S02-det164.fits
./data/patch_0to6/injection/66_20_21_437352_108_i/fake_20/calexp/00437352-i/R24/calexp_00437352-i-R24-S00-det108.fits,4.652407162737144,4.114422322054011,4639,"6,6",437352,108,i,./data/patch_0to6/diff/al_default_v23/66_20_21_437352_108_i/diff_20/deepDiff/v00437352-fi/R24/diffexp_00437352-i-R24-S00-det108.fits,./data/patch_0to6/diff/al_default_v23/66_20_21_437352_108_i/diff_20/deepDiff/v00437352-fi/R24/diaSrc_00437352-i-R24-S00-det108.fits
./data/patch_0to6/injection/55_20_21_654466_43_i/fake_20/calexp/00654466-i/R11/calexp_00654466-i-R11-S21-det043.fits,4.5992325659055036,4.089752374672761,4639,"5,5",654466,43,i,./data/patch_0to6/diff/al_default_v23/55_20_21_654466_43_i/diff_20/deepDiff/v00654466-fi/R11/diffexp_00654466-i-R11-S21-det043.fits,./data/patch_0to6/diff/al_default_v23/55_20_21_654466_43_i/diff_20/deepDiff/v00654466-fi/R11/diaSrc_00654466-i-R11-S21-det043.fits
./data/patch_0to6/injection/00_20_21_945706_83_i/fake_20/calexp/00945706-i/R21/calexp_00945706-i-R21-S02-det083.fits,4.010041711636642,4.0797978669175246,4639,"0,0",945706,83,i,./data/patch_0to6/diff/al_default_v23/00_20_21_945706_83_i/diff_20/deepDiff/v00945706-fi/R21/diffexp_00945706-i-R21-S02-det083.fits,./data/patch_0to6/diff/al_default_v23/00_20_21_945706_83_i/diff_20/deepDiff/v00945706-fi/R21/diaSrc_00945706-i-R21-S02-det083.fits
./data/patch_0to6/injection/55_20_21_204519_187_i/fake_20/calexp/00204519-i/R43/calexp_00204519-i-R43-S21-det187.fits,3.6171471439975673,4.089752374672761,4639,"5,5",204519,187,i,./data/patch_0to6/diff/al_default_v23/55_20_21_204519_187_i/diff_20/deepDiff/v00204519-fi/R43/diffexp_00204519-i-R43-S21-det187.fits,./data/patch_0to6/diff/al_default_v23/55_20_21_204519_187_i/diff_20/deepDiff/v00204519-fi/R43/diaSrc_00204519-i-R43-S21-det187.fits
./data/patch_0to6/injection/44_20_21_965403_160_i/fake_20/calexp/00965403-i/R34/calexp_00965403-i-R34-S21-det160.fits,4.664762990808837,4.097523832080805,4639,"4,4",965403,160,i,./data/patch_0to6/diff/al_default_v23/44_20_21_965403_160_i/diff_20/deepDiff/v00965403-fi/R34/diffexp_00965403-i-R34-S21-det160.fits,./data/patch_0to6/diff/al_default_v23/44_20_21_965403_160_i/diff_20/deepDiff/v00965403-fi/R34/diaSrc_00965403-i-R34-S21-det160.fits
./data/patch_0to6/injection/55_20_21_421727_149_i/fake_20/calexp/00421727-i/R33/calexp_00421727-i-R33-S12-det149.fits,3.9732428566284153,4.089752374672761,4639,"5,5",421727,149,i,./data/patch_0to6/diff/al_default_v23/55_20_21_421727_149_i/diff_20/deepDiff/v00421727-fi/R33/diffexp_00421727-i-R33-S12-det149.fits,./data/patch_0to6/diff/al_default_v23/55_20_21_421727_149_i/diff_20/deepDiff/v00421727-fi/R33/diaSrc_00421727-i-R33-S12-det149.fits
./data/patch_0to6/injection/66_20_21_767014_34_i/fake_20/calexp/00767014-i/R10/calexp_00767014-i-R10-S21-det034.fits,3.3727147471878514,4.114422322054011,4639,"6,6",767014,34,i,./data/patch_0to6/diff/al_default_v23/66_20_21_767014_34_i/diff_20/deepDiff/v00767014-fi/R10/diffexp_00767014-i-R10-S21-det034.fits,./data/patch_0to6/diff/al_default_v23/66_20_21_767014_34_i/diff_20/deepDiff/v00767014-fi/R10/diaSrc_00767014-i-R10-S21-det034.fits
./data/patch_0to6/injection/55_20_21_478974_93_i/fake_20/calexp/00478974-i/R22/calexp_00478974-i-R22-S10-det093.fits,3.899482301296959,4.089752374672761,4639,"5,5",478974,93,i,./data/patch_0to6/diff/al_default_v23/55_20_21_478974_93_i/diff_20/deepDiff/v00478974-fi/R22/diffexp_00478974-i-R22-S10-det093.fits,./data/patch_0to6/diff/al_default_v23/55_20_21_478974_93_i/diff_20/deepDiff/v00478974-fi/R22/diaSrc_00478974-i-R22-S10-det093.fits
./data/patch_0to6/injection/00_20_21_906936_117_i/fake_20/calexp/00906936-i/R30/calexp_00906936-i-R30-S00-det117.fits,3.733303331093745,4.0797978669175246,4639,"0,0",906936,117,i,./data/patch_0to6/diff/al_default_v23/00_20_21_906936_117_i/diff_20/deepDiff/v00906936-fi/R30/diffexp_00906936-i-R30-S00-det117.fits,./data/patch_0to6/diff/al_default_v23/00_20_21_906936_117_i/diff_20/deepDiff/v00906936-fi/R30/diaSrc_00906936-i-R30-S00-det117.fits
./data/patch_0to6/injection/00_20_21_682811_5_i/fake_20/calexp/00682811-i/R01/calexp_00682811-i-R01-S12-det005.fits,3.57448133401954,4.0797978669175246,4639,"0,0",682811,5,i,./data/patch_0to6/diff/al_default_v23/00_20_21_682811_5_i/diff_20/deepDiff/v00682811-fi/R01/diffexp_00682811-i-R01-S12-det005.fits,./data/patch_0to6/diff/al_default_v23/00_20_21_682811_5_i/diff_20/deepDiff/v00682811-fi/R01/diaSrc_00682811-i-R01-S12-det005.fits
./data/patch_0to6/injection/44_20_21_929472_40_i/fake_20/calexp/00929472-i/R11/calexp_00929472-i-R11-S11-det040.fits,4.40078166452029,4.097523832080805,4639,"4,4",929472,40,i,./data/patch_0to6/diff/al_default_v23/44_20_21_929472_40_i/diff_20/deepDiff/v00929472-fi/R11/diffexp_00929472-i-R11-S11-det040.fits,./data/patch_0to6/diff/al_default_v23/44_20_21_929472_40_i/diff_20/deepDiff/v00929472-fi/R11/diaSrc_00929472-i-R11-S11-det040.fits
./data/patch_0to6/injection/33_20_21_478975_112_i/fake_20/calexp/00478975-i/R24/calexp_00478975-i-R24-S11-det112.fits,3.9188877506508466,4.074981493642976,4639,"3,3",478975,112,i,./data/patch_0to6/diff/al_default_v23/33_20_21_478975_112_i/diff_20/deepDiff/v00478975-fi/R24/diffexp_00478975-i-R24-S11-det112.fits,./data/patch_0to6/diff/al_default_v23/33_20_21_478975_112_i/diff_20/deepDiff/v00478975-fi/R24/diaSrc_00478975-i-R24-S11-det112.fits
./data/patch_0to6/injection/11_20_21_211472_122_i/fake_20/calexp/00211472-i/R30/calexp_00211472-i-R30-S12-det122.fits,4.029072553455172,4.082986137171966,4639,"1,1",211472,122,i,./data/patch_0to6/diff/al_default_v23/11_20_21_211472_122_i/diff_20/deepDiff/v00211472-fi/R30/diffexp_00211472-i-R30-S12-det122.fits,./data/patch_0to6/diff/al_default_v23/11_20_21_211472_122_i/diff_20/deepDiff/v00211472-fi/R30/diaSrc_00211472-i-R30-S12-det122.fits
./data/patch_0to6/injection/22_20_21_478928_126_i/fake_20/calexp/00478928-i/R31/calexp_00478928-i-R31-S00-det126.fits,3.8146175547391405,4.07859862017242,4639,"2,2",478928,126,i,./data/patch_0to6/diff/al_default_v23/22_20_21_478928_126_i/diff_20/deepDiff/v00478928-fi/R31/diffexp_00478928-i-R31-S00-det126.fits,./data/patch_0to6/diff/al_default_v23/22_20_21_478928_126_i/diff_20/deepDiff/v00478928-fi/R31/diaSrc_00478928-i-R31-S00-det126.fits
./data/patch_0to6/injection/33_20_21_976371_157_i/fake_20/calexp/00976371-i/R34/calexp_00976371-i-R34-S11-det157.fits,4.130700363203415,4.074981493642976,4639,"3,3",976371,157,i,./data/patch_0to6/diff/al_default_v23/33_20_21_976371_157_i/diff_20/deepDiff/v00976371-fi/R34/diffexp_00976371-i-R34-S11-det157.fits,./data/patch_0to6/diff/al_default_v23/33_20_21_976371_157_i/diff_20/deepDiff/v00976371-fi/R34/diaSrc_00976371-i-R34-S11-det157.fits
./data/patch_0to6/injection/00_20_21_174602_82_i/fake_20/calexp/00174602-i/R21/calexp_00174602-i-R21-S01-det082.fits,3.76257880057392,4.0797978669175246,4639,"0,0",174602,82,i,./data/patch_0to6/diff/al_default_v23/00_20_21_174602_82_i/diff_20/deepDiff/v00174602-fi/R21/diffexp_00174602-i-R21-S01-det082.fits,./data/patch_0to6/diff/al_default_v23/00_20_21_174602_82_i/diff_20/deepDiff/v00174602-fi/R21/diaSrc_00174602-i-R21-S01-det082.fits
./data/patch_0to6/injection/33_20_21_1229686_47_i/fake_20/calexp/01229686-i/R12/calexp_01229686-i-R12-S02-det047.fits,4.06199613114322,4.074981493642976,4639,"3,3",1229686,47,i,./data/patch_0to6/diff/al_default_v23/33_20_21_1229686_47_i/diff_20/deepDiff/v01229686-fi/R12/diffexp_01229686-i-R12-S02-det047.fits,./data/patch_0to6/diff/al_default_v23/33_20_21_1229686_47_i/diff_20/deepDiff/v01229686-fi/R12/diaSrc_01229686-i-R12-S02-det047.fits
./data/patch_0to6/injection/22_20_21_227891_181_i/fake_20/calexp/00227891-i/R43/calexp_00227891-i-R43-S01-det181.fits,3.5651479257831813,4.07859862017242,4639,"2,2",227891,181,i,./data/patch_0to6/diff/al_default_v23/22_20_21_227891_181_i/diff_20/deepDiff/v00227891-fi/R43/diffexp_00227891-i-R43-S01-det181.fits,./data/patch_0to6/diff/al_default_v23/22_20_21_227891_181_i/diff_20/deepDiff/v00227891-fi/R43/diaSrc_00227891-i-R43-S01-det181.fits
./data/patch_0to6/injection/22_20_21_428527_16_i/fake_20/calexp/00428527-i/R02/calexp_00428527-i-R02-S21-det016.fits,5.020654077031331,4.07859862017242,4639,"2,2",428527,16,i,./data/patch_0to6/diff/al_default_v23/22_20_21_428527_16_i/diff_20/deepDiff/v00428527-fi/R02/diffexp_00428527-i-R02-S21-det016.fits,./data/patch_0to6/diff/al_default_v23/22_20_21_428527_16_i/diff_20/deepDiff/v00428527-fi/R02/diaSrc_00428527-i-R02-S21-det016.fits
./data/patch_0to6/injection/11_20_21_1157696_32_i/fake_20/calexp/01157696-i/R10/calexp_01157696-i-R10-S12-det032.fits,4.752336279190549,4.082986137171966,4639,"1,1",1157696,32,i,./data/patch_0to6/diff/al_default_v23/11_20_21_1157696_32_i/diff_20/deepDiff/v01157696-fi/R10/diffexp_01157696-i-R10-S12-det032.fits,./data/patch_0to6/diff/al_default_v23/11_20_21_1157696_32_i/diff_20/deepDiff/v01157696-fi/R10/diaSrc_01157696-i-R10-S12-det032.fits
./data/patch_0to6/injection/00_20_21_1165787_183_i/fake_20/calexp/01165787-i/R43/calexp_01165787-i-R43-S10-det183.fits,5.3623258934272595,4.0797978669175246,4639,"0,0",1165787,183,i,./data/patch_0to6/diff/al_default_v23/00_20_21_1165787_183_i/diff_20/deepDiff/v01165787-fi/R43/diffexp_01165787-i-R43-S10-det183.fits,./data/patch_0to6/diff/al_default_v23/00_20_21_1165787_183_i/diff_20/deepDiff/v01165787-fi/R43/diaSrc_01165787-i-R43-S10-det183.fits
./data/patch_0to6/injection/44_20_21_1157696_51_i/fake_20/calexp/01157696-i/R12/calexp_01157696-i-R12-S20-det051.fits,4.743688742286072,4.097523832080805,4639,"4,4",1157696,51,i,./data/patch_0to6/diff/al_default_v23/44_20_21_1157696_51_i/diff_20/deepDiff/v01157696-fi/R12/diffexp_01157696-i-R12-S20-det051.fits,./data/patch_0to6/diff/al_default_v23/44_20_21_1157696_51_i/diff_20/deepDiff/v01157696-fi/R12/diaSrc_01157696-i-R12-S20-det051.fits
./data/patch_0to6/injection/55_20_21_1232016_78_i/fake_20/calexp/01232016-i/R20/calexp_01232016-i-R20-S20-det078.fits,3.5136370170364737,4.089752374672761,4639,"5,5",1232016,78,i,./data/patch_0to6/diff/al_default_v23/55_20_21_1232016_78_i/diff_20/deepDiff/v01232016-fi/R20/diffexp_01232016-i-R20-S20-det078.fits,./data/patch_0to6/diff/al_default_v23/55_20_21_1232016_78_i/diff_20/deepDiff/v01232016-fi/R20/diaSrc_01232016-i-R20-S20-det078.fits
./data/patch_0to6/injection/44_20_21_687400_168_i/fake_20/calexp/00687400-i/R41/calexp_00687400-i-R41-S20-det168.fits,5.734877362989927,4.097523832080805,4639,"4,4",687400,168,i,./data/patch_0to6/diff/al_default_v23/44_20_21_687400_168_i/diff_20/deepDiff/v00687400-fi/R41/diffexp_00687400-i-R41-S20-det168.fits,./data/patch_0to6/diff/al_default_v23/44_20_21_687400_168_i/diff_20/deepDiff/v00687400-fi/R41/diaSrc_00687400-i-R41-S20-det168.fits
./data/patch_0to6/injection/33_20_21_420781_180_i/fake_20/calexp/00420781-i/R43/calexp_00420781-i-R43-S00-det180.fits,4.524721351438771,4.074981493642976,4639,"3,3",420781,180,i,./data/patch_0to6/diff/al_default_v23/33_20_21_420781_180_i/diff_20/deepDiff/v00420781-fi/R43/diffexp_00420781-i-R43-S00-det180.fits,./data/patch_0to6/diff/al_default_v23/33_20_21_420781_180_i/diff_20/deepDiff/v00420781-fi/R43/diaSrc_00420781-i-R43-S00-det180.fits
./data/patch_0to6/injection/55_20_21_976355_120_i/fake_20/calexp/00976355-i/R30/calexp_00976355-i-R30-S10-det120.fits,4.115122883931642,4.089752374672761,4639,"5,5",976355,120,i,./data/patch_0to6/diff/al_default_v23/55_20_21_976355_120_i/diff_20/deepDiff/v00976355-fi/R30/diffexp_00976355-i-R30-S10-det120.fits,./data/patch_0to6/diff/al_default_v23/55_20_21_976355_120_i/diff_20/deepDiff/v00976355-fi/R30/diaSrc_00976355-i-R30-S10-det120.fits
./data/patch_0to6/injection/44_20_21_654466_41_i/fake_20/calexp/00654466-i/R11/calexp_00654466-i-R11-S12-det041.fits,4.640430084917068,4.097523832080805,4639,"4,4",654466,41,i,./data/patch_0to6/diff/al_default_v23/44_20_21_654466_41_i/diff_20/deepDiff/v00654466-fi/R11/diffexp_00654466-i-R11-S12-det041.fits,./data/patch_0to6/diff/al_default_v23/44_20_21_654466_41_i/diff_20/deepDiff/v00654466-fi/R11/diaSrc_00654466-i-R11-S12-det041.fits
./data/patch_0to6/injection/44_20_21_263457_20_i/fake_20/calexp/00263457-i/R03/calexp_00263457-i-R03-S02-det020.fits,5.141847464316011,4.097523832080805,4639,"4,4",263457,20,i,./data/patch_0to6/diff/al_default_v23/44_20_21_263457_20_i/diff_20/deepDiff/v00263457-fi/R03/diffexp_00263457-i-R03-S02-det020.fits,./data/patch_0to6/diff/al_default_v23/44_20_21_263457_20_i/diff_20/deepDiff/v00263457-fi/R03/diaSrc_00263457-i-R03-S02-det020.fits
./data/patch_0to6/injection/00_20_21_1185854_13_i/fake_20/calexp/01185854-i/R02/calexp_01185854-i-R02-S11-det013.fits,3.466534598101292,4.0797978669175246,4639,"0,0",1185854,13,i,./data/patch_0to6/diff/al_default_v23/00_20_21_1185854_13_i/diff_20/deepDiff/v01185854-fi/R02/diffexp_01185854-i-R02-S11-det013.fits,./data/patch_0to6/diff/al_default_v23/00_20_21_1185854_13_i/diff_20/deepDiff/v01185854-fi/R02/diaSrc_01185854-i-R02-S11-det013.fits
./data/patch_0to6/injection/33_20_21_244023_157_i/fake_20/calexp/00244023-i/R34/calexp_00244023-i-R34-S11-det157.fits,3.8174391184824996,4.074981493642976,4639,"3,3",244023,157,i,./data/patch_0to6/diff/al_default_v23/33_20_21_244023_157_i/diff_20/deepDiff/v00244023-fi/R34/diffexp_00244023-i-R34-S11-det157.fits,./data/patch_0to6/diff/al_default_v23/33_20_21_244023_157_i/diff_20/deepDiff/v00244023-fi/R34/diaSrc_00244023-i-R34-S11-det157.fits
./data/patch_0to6/injection/00_20_21_915757_119_i/fake_20/calexp/00915757-i/R30/calexp_00915757-i-R30-S02-det119.fits,4.237766994905265,4.0797978669175246,4639,"0,0",915757,119,i,./data/patch_0to6/diff/al_default_v23/00_20_21_915757_119_i/diff_20/deepDiff/v00915757-fi/R30/diffexp_00915757-i-R30-S02-det119.fits,./data/patch_0to6/diff/al_default_v23/00_20_21_915757_119_i/diff_20/deepDiff/v00915757-fi/R30/diaSrc_00915757-i-R30-S02-det119.fits
